Workbook

Sheet Control
A2: CONTROL DE CALIDAD - DATOS DEMO
A4: Registros de ventas | B4: =ROWS(tblVentas[Codigo]) -> 2089
A5: Ventas totales | B5: =SUM(tblVentas[Venta]) -> 26305478127
A7: Registros de costos | B7: =ROWS(tblCostos[Codigo]) -> 2089
A8: Costos totales | B8: =SUM(tblCostos[Costo]) -> 20067403143
A10: INDICADORES COMERCIALES
A12: Diferencia bruta total | B12: =SUM(tblAnalisis[DiferenciaBruta]) -> 6238074984
A13: Margen global estimado | B13: =IFERROR(B12/B5,0) -> 0.23713977
A14: SKU analizados | B14: =ROWS(tblAnalisis[Codigo]) -> 700
A15: SKU con diferencia negativa | B15: =COUNTIF(tblAnalisis[EstadoMargen],"NEGATIVO") -> 22
A16: SKU con diferencia positiva | B16: =COUNTIF(tblAnalisis[EstadoMargen],"POSITIVO") -> 676
A17: SKU con diferencia cero | B17: =COUNTIF(tblAnalisis[EstadoMargen],"CERO") -> 2
A19: CONTROL DE CLASIFICACIÓN | B19: =IF(SUM(B15:B17)=B14,"VALIDADO","REVISAR") -> VALIDADO
A21: CONTROL DE CANTIDADES | B21: =IF(COUNTIF(tblAnalisis[DiferenciaCantidad],"<>0")=0,"VALIDADO","REVISAR") -> VALIDADO
A23: Diferencia negativa acumulada | B23: =SUMIF(tblAnalisis[EstadoMargen],"NEGATIVO",tblAnalisis[DiferenciaBruta]) -> -57576568

Sheet Analisis
A5: Codigo | B5: CantidadVenta | C5: Venta | D5: CantidadCosto | E5: Costo | F5: DiferenciaCantidad | G5: DiferenciaBruta | H5: MargenEstimadoPct | I5: EstadoMargen
A6: DEMO-0655 | B6: 674 | C6: 27468870 | D6: 674 | E6: 18367792 | F6: 0 | G6: =tblAnalisis[[#This Row],[Venta]]-tblAnalisis[[#This Row],[Costo]] -> 9101078 | H6: =IFERROR(tblAnalisis[[#This Row],[DiferenciaBruta]]/tblAnalisis[[#This Row],[Venta]],0) -> 0.33132335 | I6: =IF(tblAnalisis[[#This Row],[DiferenciaBruta]]<0,"NEGATIVO",IF(tblAnalisis[[#This Row],[DiferenciaBruta]]>0,"POSITIVO","CERO")) -> POSITIVO
A7: DEMO-0011 | B7: 286 | C7: 7113392 | D7: 286 | E7: 4247029 | F7: 0 | G7: =tblAnalisis[[#This Row],[Venta]]-tblAnalisis[[#This Row],[Costo]] -> 2866363 | H7: =IFERROR(tblAnalisis[[#This Row],[DiferenciaBruta]]/tblAnalisis[[#This Row],[Venta]],0) -> 0.40295305 | I7: =IF(tblAnalisis[[#This Row],[DiferenciaBruta]]<0,"NEGATIVO",IF(tblAnalisis[[#This Row],[DiferenciaBruta]]>0,"POSITIVO","CERO")) -> POSITIVO
A8: DEMO-0156 | B8: 727 | C8: 20489041 | D8: 727 | E8: 13908544 | F8: 0 | G8: =tblAnalisis[[#This Row],[Venta]]-tblAnalisis[[#This Row],[Costo]] -> 6580497 | H8: =IFERROR(tblAnalisis[[#This Row],[DiferenciaBruta]]/tblAnalisis[[#This Row],[Venta]],0) -> 0.32117155 | I8: =IF(tblAnalisis[[#This Row],[DiferenciaBruta]]<0,"NEGATIVO",IF(tblAnalisis[[#This Row],[DiferenciaBruta]]>0,"POSITIVO","CERO")) -> POSITIVO
A9: DEMO-0589 | B9: 1334 | C9: 19688506 | D9: 1334 | E9: 17441068 | F9: 0 | G9: =tblAnalisis[[#This Row],[Venta]]-tblAnalisis[[#This Row],[Costo]] -> 2247438 | H9: =IFERROR(tblAnalisis[[#This Row],[DiferenciaBruta]]/tblAnalisis[[#This Row],[Venta]],0) -> 0.11414975 | I9: =IF(tblAnalisis[[#This Row],[DiferenciaBruta]]<0,"NEGATIVO",IF(tblAnalisis[[#This Row],[DiferenciaBruta]]>0,"POSITIVO","CERO")) -> POSITIVO
A10: DEMO-0095 | B10: 1759 | C10: 16260196 | D10: 1759 | E10: 10310863 | F10: 0 | G10: =tblAnalisis[[#This Row],[Venta]]-tblAnalisis[[#This Row],[Costo]] -> 5949333 | H10: =IFERROR(tblAnalisis[[#This Row],[DiferenciaBruta]]/tblAnalisis[[#This Row],[Venta]],0) -> 0.36588323 | I10: =IF(tblAnalisis[[#This Row],[DiferenciaBruta]]<0,"NEGATIVO",IF(tblAnalisis[[#This Row],[DiferenciaBruta]]>0,"POSITIVO","CERO")) -> POSITIVO
A11: DEMO-0565 | B11: 2619 | C11: 34505325 | D11: 2619 | E11: 22070938 | F11: 0 | G11: =tblAnalisis[[#This Row],[Venta]]-tblAnalisis[[#This Row],[Costo]] -> 12434387 | H11: =IFERROR(tblAnalisis[[#This Row],[DiferenciaBruta]]/tblAnalisis[[#This Row],[Venta]],0) -> 0.36036139 | I11: =IF(tblAnalisis[[#This Row],[DiferenciaBruta]]<0,"NEGATIVO",IF(tblAnalisis[[#This Row],[DiferenciaBruta]]>0,"POSITIVO","CERO")) -> POSITIVO
A12: DEMO-0401 | B12: 1630 | C12: 10808530 | D12: 1630 | E12: 9832723 | F12: 0 | G12: =tblAnalisis[[#This Row],[Venta]]-tblAnalisis[[#This Row],[Costo]] -> 975807 | H12: =IFERROR(tblAnalisis[[#This Row],[DiferenciaBruta]]/tblAnalisis[[#This Row],[Venta]],0) -> 0.090281195 | I12: =IF(tblAnalisis[[#This Row],[DiferenciaBruta]]<0,"NEGATIVO",IF(tblAnalisis[[#This Row],[DiferenciaBruta]]>0,"POSITIVO","CERO")) -> POSITIVO
A13: DEMO-0603 | B13: 2439 | C13: 44736138 | D13: 2439 | E13: 35697956 | F13: 0 | G13: =tblAnalisis[[#This Row],[Venta]]-tblAnalisis[[#This Row],[Costo]] -> 9038182 | H13: =IFERROR(tblAnalisis[[#This Row],[DiferenciaBruta]]/tblAnalisis[[#This Row],[Venta]],0) -> 0.20203313 | I13: =IF(tblAnalisis[[#This Row],[DiferenciaBruta]]<0,"NEGATIVO",IF(tblAnalisis[[#This Row],[DiferenciaBruta]]>0,"POSITIVO","CERO")) -> POSITIVO
A14: DEMO-0611 | B14: 1223 | C14: 27204412 | D14: 1223 | E14: 21656935 | F14: 0 | G14: =tblAnalisis[[#This Row],[Venta]]-tblAnalisis[[#This Row],[Costo]] -> 5547477 | H14: =IFERROR(tblAnalisis[[#This Row],[DiferenciaBruta]]/tblAnalisis[[#This Row],[Venta]],0) -> 0.20391828 | I14: =IF(tblAnalisis[[#This Row],[DiferenciaBruta]]<0,"NEGATIVO",IF(tblAnalisis[[#This Row],[DiferenciaBruta]]>0,"POSITIVO","CERO")) -> POSITIVO
A15: DEMO-0058 | B15: 653 | C15: 5890713 | D15: 653 | E15: 5387041 | F15: 0 | G15: =tblAnalisis[[#This Row],[Venta]]-tblAnalisis[[#This Row],[Costo]] -> 503672 | H15: =IFERROR(tblAnalisis[[#This Row],[DiferenciaBruta]]/tblAnalisis[[#This Row],[Venta]],0) -> 0.085502723 | I15: =IF(tblAnalisis[[#This Row],[DiferenciaBruta]]<0,"NEGATIVO",IF(tblAnalisis[[#This Row],[DiferenciaBruta]]>0,"POSITIVO","CERO")) -> POSITIVO
A16: DEMO-0148 | B16: 2028 | C16: 83107440 | D16: 2028 | E16: 54828505 | F16: 0 | G16: =tblAnalisis[[#This Row],[Venta]]-tblAnalisis[[#This Row],[Costo]] -> 28278935 | H16: =IFERROR(tblAnalisis[[#This Row],[DiferenciaBruta]]/tblAnalisis[[#This Row],[Venta]],0) -> 0.3402696 | I16: =IF(tblAnalisis[[#This Row],[DiferenciaBruta]]<0,"NEGATIVO",IF(tblAnalisis[[#This Row],[DiferenciaBruta]]>0,"POSITIVO","CERO")) -> POSITIVO
A17: DEMO-0180 | B17: 507 | C17: 18582057 | D17: 507 | E17: 11710770 | F17: 0 | G17: =tblAnalisis[[#This Row],[Venta]]-tblAnalisis[[#This Row],[Costo]] -> 6871287 | H17: =IFERROR(tblAnalisis[[#This Row],[DiferenciaBruta]]/tblAnalisis[[#This Row],[Venta]],0) -> 0.36978075 | I17: =IF(tblAnalisis[[#This Row],[DiferenciaBruta]]<0,"NEGATIVO",IF(tblAnalisis[[#This Row],[DiferenciaBruta]]>0,"POSITIVO","CERO")) -> POSITIVO
... A705: DEMO-0436 | B705: 1378 | C705: 19705400 | D705: 1378 | E705: 12909283 | F705: 0 | G705: =tblAnalisis[[#This Row],[Venta]]-tblAnalisis[[#This Row],[Costo]] -> 6796117 | H705: =IFERROR(tblAnalisis[[#This Row],[DiferenciaBruta]]/tblAnalisis[[#This Row],[Venta]],0) -> 0.34488602 | I705: =IF(tblAnalisis[[#This Row],[DiferenciaBruta]]<0,"NEGATIVO",IF(tblAnalisis[[#This Row],[DiferenciaBruta]]>0,"POSITIVO","CERO")) -> POSITIVO

Sheet Dashboard
B3: RETAIL SALES & COST ANALYTICS
B4: Dashboard ejecutivo | Analisís comercial con datos sintéticos
B8: VENTAS TOTALES | F8: COSTOS TOTALES | J8: DIFERENCIA BRUTA | N8: MARGEN ESTIMADO
B9: =Control!B5/1000000 -> 26305.478 | F9: =Control!B8/1000000 -> 20067.403 | J9: =Control!B12/1000000 -> 6238.075 | N9: =Control!B13 -> 0.23713977
B11: MILLONES | F11: MILLONES | J11: MILLONES | N11: SOBRE VENTAS
B35: ALERTAS COMERCIALES
B39: SKU CON DIFERENCIA NEGATIVA | J39: DIFERENCIA NEGATIVA ACUMULADA
B40: =Control!B15 -> 22 | J40: =Control!B23/1000000 -> -57.576568
J41: MILLONES
B44: Nota: Las diferencias negativas son indicadores de revisión comercial, no pérdidas contables confirmadas.

Sheet Ventas
A5: SucursalCodigo | B5: Sucursal | C5: Codigo | D5: Producto | E5: CantidadVenta | F5: CantidadVenta2 | G5: Venta
A6: S01 | B6: CENTRO DEMO | C6: DEMO-0655 | D6: PERFIL GALVANIZADO 6 M MODELO 66 | E6: 360 | F6: 360 | G6: 14671800
A7: S04 | B7: ORIENTE DEMO | C7: DEMO-0156 | D7: ROLLO CABLE 20 M MODELO 16 | E7: 727 | F7: 727 | G7: 20489041
A8: S04 | B8: ORIENTE DEMO | C8: DEMO-0095 | D8: PERFIL GALVANIZADO 6 M MODELO 10 | E8: 25 | F8: 25 | G8: 231100
A9: S01 | B9: CENTRO DEMO | C9: DEMO-0401 | D9: CEMENTO ECO 25 KG MODELO 41 | E9: 1568 | F9: 1568 | G9: 10397408
A10: S02 | B10: NORTE DEMO | C10: DEMO-0611 | D10: CEMENTO ECO 25 KG MODELO 62 | E10: 759 | F10: 759 | G10: 16883196
A11: S05 | B11: PONIENTE DEMO | C11: DEMO-0148 | D11: TUBERIA PVC 3 M MODELO 15 | E11: 2028 | F11: 2028 | G11: 83107440
A12: S04 | B12: ORIENTE DEMO | C12: DEMO-0096 | D12: ROLLO CABLE 20 M MODELO 10 | E12: 1053 | F12: 1053 | G12: 31080348
A13: S01 | B13: CENTRO DEMO | C13: DEMO-0125 | D13: PERFIL GALVANIZADO 6 M MODELO 13 | E13: 325 | F13: 325 | G13: 13611650
A14: S05 | B14: PONIENTE DEMO | C14: DEMO-0180 | D14: TABLERO MDF 18 MM MODELO 18 | E14: 2 | F14: 2 | G14: 73302
A15: S04 | B15: ORIENTE DEMO | C15: DEMO-0395 | D15: PERFIL GALVANIZADO 6 M MODELO 40 | E15: 1104 | F15: 1104 | G15: 8178432
A16: S01 | B16: CENTRO DEMO | C16: DEMO-0130 | D16: TABLERO MDF 18 MM MODELO 13 | E16: 993 | F16: 993 | G16: 49525875
A17: S05 | B17: PONIENTE DEMO | C17: DEMO-0473 | D17: CUBIERTA ZINC 3 M MODELO 48 | E17: 16 | F17: 16 | G17: 186848
... A2094: S02 | B2094: NORTE DEMO | C2094: DEMO-0476 | D2094: ROLLO CABLE 20 M MODELO 48 | E2094: 180 | F2094: 180 | G2094: 5927220

Sheet Costos
A5: Codigo | B5: Producto | C5: CantidadCosto | D5: CantidadCosto2 | E5: Costo | F5: Superfamilia | G5: Familia | H5: Subfamilia | I5: Rubro | J5: Marca
A6: DEMO-0011 | B6: CEMENTO ECO 25 KG MODELO 02 | C6: 176 | D6: 176 | E6: 2613556 | F6: MAT | G6: CEM | H6: CEM | I6: CEMENTOS Y MORTEROS | J6: MARCA DEMO B
A7: DEMO-0589 | B7: PINTURA LATEX 1 GAL MODELO 59 | C7: 44 | D7: 44 | E7: 575268 | F7: MAT | G7: PIN | H7: LAT | I7: PINTURAS | J7: MARCA DEMO A
A8: DEMO-0565 | B8: PERFIL GALVANIZADO 6 M MODELO 57 | C8: 1253 | D8: 1253 | E8: 10559330 | F8: MAT | G8: PER | H8: PER | I8: PERFILES METALICOS | J8: MARCA DEMO A
A9: DEMO-0603 | B9: CUBIERTA ZINC 3 M MODELO 61 | C9: 43 | D9: 43 | E9: 629361 | F9: MAT | G9: TEC | H9: PLA | I9: PLANCHAS Y CUBIERTAS | J9: MARCA DEMO C
A10: DEMO-0058 | B10: TUBERIA PVC 3 M MODELO 06 | C10: 314 | D10: 314 | E10: 2590400 | F10: MAT | G10: PLO | H10: TUB | I10: TUBERIAS | J10: MARCA DEMO A
A11: DEMO-0180 | B11: TABLERO MDF 18 MM MODELO 18 | C11: 227 | D11: 227 | E11: 5243284 | F11: MAT | G11: MAD | H11: TAB | I11: TABLEROS DE MADERA | J11: MARCA DEMO C
A12: DEMO-0222 | B12: PLANCHA FIBROCEMENTO 6 MM MODELO 23 | C12: 49 | D12: 49 | E12: 288342 | F12: MAT | G12: FIB | H12: FIB | I12: FIBROCEMENTO | J12: MARCA DEMO C
A13: DEMO-0555 | B13: PERFIL GALVANIZADO 6 M MODELO 56 | C13: 179 | D13: 179 | E13: 454574 | F13: MAT | G13: PER | H13: PER | I13: PERFILES METALICOS | J13: MARCA DEMO C
A14: DEMO-0640 | B14: TABLERO MDF 18 MM MODELO 64 | C14: 345 | D14: 345 | E14: 13877382 | F14: MAT | G14: MAD | H14: TAB | I14: TABLEROS DE MADERA | J14: MARCA DEMO A
A15: DEMO-0350 | B15: TABLERO MDF 18 MM MODELO 35 | C15: 115 | D15: 115 | E15: 114394 | F15: MAT | G15: MAD | H15: TAB | I15: TABLEROS DE MADERA | J15: MARCA DEMO B
A16: DEMO-0692 | B16: PLANCHA FIBROCEMENTO 6 MM MODELO 70 | C16: 160 | D16: 160 | E16: 4681600 | F16: MAT | G16: FIB | H16: FIB | I16: FIBROCEMENTO | J16: MARCA DEMO B
A17: DEMO-0097 | B17: MARTILLO MANGO FIBRA MODELO 10 | C17: 187 | D17: 187 | E17: 2200319 | F17: MAT | G17: HER | H17: MAN | I17: HERRAMIENTAS MANUALES | J17: MARCA DEMO A
... A2094: DEMO-0441 | B2094: CEMENTO ECO 25 KG MODELO 45 | C2094: 148 | D2094: 148 | E2094: 3629634 | F2094: MAT | G2094: CEM | H2094: CEM | I2094: CEMENTOS Y MORTEROS | J2094: MARCA DEMO C

Sheet TablasDinamicas
A2: TOP 10 PRODUCTOS POR VENTA | D2: TOP 10 PRODUCTOS DIFERENCIA BRUTA | G2: PRODUCTOS CON DIFERENCIA BRUTA NEGATIVA
G3: EstadoMargen | H3: NEGATIVO
A5: Etiquetas de fila | B5: Suma de Venta | D5: Etiquetas de fila | E5: Suma de DiferenciaBruta | G5: Etiquetas de fila | H5: Suma de DiferenciaBruta
A6: DEMO-0632 | B6: 145057324 | D6: DEMO-0632 | E6: 55551142 | G6: DEMO-0667 | H6: -11157316
A7: DEMO-0161 | B7: 141394452 | D7: DEMO-0041 | E7: 49262216 | G7: DEMO-0519 | H7: -9392582
A8: DEMO-0667 | B8: 139466444 | D8: DEMO-0161 | E8: 47882101 | G8: DEMO-0445 | H8: -7521353
A9: DEMO-0128 | B9: 138968000 | D9: DEMO-0134 | E9: 44749513 | G9: DEMO-0297 | H9: -7083139
A10: DEMO-0041 | B10: 136893216 | D10: DEMO-0446 | E10: 43498394 | G10: DEMO-0223 | H10: -5687651
A11: DEMO-0486 | B11: 134108940 | D11: DEMO-0488 | E11: 42723725 | G11: DEMO-0186 | H11: -3234998
A12: DEMO-0434 | B12: 133729550 | D12: DEMO-0063 | E12: 41323399 | G12: DEMO-0482 | H12: -2994382
A13: DEMO-0068 | B13: 132988128 | D13: DEMO-0234 | E13: 40032134 | G13: DEMO-0630 | H13: -2751323
A14: DEMO-0646 | B14: 130833730 | D14: DEMO-0359 | E14: 39913854 | G14: DEMO-0408 | H14: -1872116
A15: DEMO-0289 | B15: 129110091 | D15: DEMO-0212 | E15: 38588725 | G15: DEMO-0260 | H15: -1707657
A16: Total general | B16: 1362549875 | D16: Total general | E16: 443525203 | G16: DEMO-0593 | H16: -1393264
G17: DEMO-0038 | H17: -1008318
G18: DEMO-0075 | H18: -775871
G19: DEMO-0334 | H19: -578741
G20: DEMO-0149 | H20: -180902
G21: DEMO-0112 | H21: -124882
G22: DEMO-0371 | H22: -30763
G23: DEMO-0556 | H23: -30642
G24: DEMO-0006 | H24: -15614
G25: DEMO-0001 | H25: -12075
G26: DEMO-0005 | H26: -11891
G27: DEMO-0002 | H27: -11088
G28: Total general | H28: -57576568
